322563,Marc,Zamora,Accountant,Accounting and Finance
476390,Tom,Lang,Accountant,Accounting and Finance
741115,Naomi,Mooney,Accountant,Accounting and Finance
311305,Nettie,Acevedo,Faculty,Education
344017,Tomas,Case,Faculty,Education
495876,Katie,Mcdowell,Faculty,Education
295593,Sadie,Harmon,HR,Human Resource Management
318606,Bryant,Lam,HR,Human Resource Management
527386,Lacy,Rosario,HR,Human Resource Management
309868,Marta,Brady,Helpdesk,IT
359064,Samantha,Merritt,Helpdesk,IT
423903,Valentin,Oliver,Helpdesk,IT
451851,Ava,Ayers,Helpdesk,IT
528130,Maynard,Wagner,Programmer,IT
534418,Elliot,Berg,Programmer,IT
588083,Constance,Romero,Programmer,IT
653789,Jermaine,Salas,Programmer,IT
658972,Tammi,Wilkerson,Programmer,IT
663463,Megan,Savage,Helpdesk,IT
712326,Quentin,Alexander,Helpdesk,IT
750218,Josefa,Wright,Helpdesk,IT
752031,Eduardo,Cox,Helpdesk,IT
762865,Clare,Burton,Programmer,IT
800798,Shelly,Friedman,Programmer,IT
806678,Jeanette,Duran,Programmer,IT
819032,Rae,Hooper,Programmer,IT
832285,Junior,Dickson,Helpdesk,IT
855119,Concetta,Oconnor,Programmer,IT
947294,Marissa,Olsen,Programmer,IT
965846,Laverne,Wood,Programmer,IT
323890,Quintin,Riddle,Staff,Marketing
391244,Frances,Franklin,Travel Agent,Marketing
400221,Foster,Cuevas,Sales Clerk,Marketing
477114,Melissa,Booth,Used Car Sales Supervisor,Marketing
508067,Celia,Compton,Staff,Marketing
534395,Socorro,Blanchard,Staff,Marketing
634367,Jerome,Deleon,Sales Clerk,Marketing
703249,Katheryn,Owen,Staff,Marketing
706073,Daron,Simmons,Sales Clerk,Marketing
708049,Lance,Marsh,Web Designer,Marketing
735259,Yvette,Young,Used Car Sales Supervisor,Marketing
760009,Gina,Hoover,Staff,Marketing
802828,Angelia,Shea,Travel Agent,Marketing
835974,Anastasia,Shepherd,Web Designer,Marketing
861265,Lucy,Strickland,Staff,Marketing
874145,Nicholas,Myers,Travel Agent,Marketing
967592,Lance,Holloway,Used Car Sales Supervisor,Marketing
996508,Brittney,Carlson,Web Designer,Marketing
248614,Rick,Colon,Product Safety Engineer,Operation
255506,Isabel,Mcgrath,Orthodontic Technician,Operation
332348,Elsa,Camacho,Product Safety Engineer,Operation
362204,Mandy,Holt,Product Safety Engineer,Operation
374671,Priscilla,Hood,Orthodontic Technician,Operation
398023,Nina,Cook,Operator,Operation
417459,Prince,Mckay,Water Meter Installer,Operation
479958,Dixie,Boyd,Product Safety Engineer,Operation
500149,Barrett,Sullivan,Operator,Operation
506802,Earnestine,Frederick,Window Air Conditioner Installer,Operation
546954,Scot,Navarro,Operator,Operation
592582,Hai,Anthony,Operator,Operation
649637,Angelo,Rios,Operator,Operation
712446,Flossie,Roy,Water Meter Installer,Operation
748041,Lorrie,Watson,Water Meter Installer,Operation
749354,Madelyn,Allison,Operator,Operation
761519,Jillian,Ponce,Operator,Operation
766928,Leonardo,Williamson,Operator,Operation
794970,Whitney,Simon,Operator,Operation
815792,Claude,Kennedy,Operator,Operation
855577,Janell,Richardson,Window Air Conditioner Installer,Operation
862954,Sherri,Brock,Window Air Conditioner Installer,Operation
865729,Emily,Owen,Orthodontic Technician,Operation
874473,Maxwell,Dawson,Water Meter Installer,Operation
995336,Beatriz,Marshall,Orthodontic Technician,Operation
357436,Alisa,Phillips,City Comptroller,Production
520999,Robin,Watts,Assistant Director,Production
531129,June,Contreras,Auditing Clerk,Production
612684,Markus,Gonzalez,City Comptroller,Production
750188,Elbert,Brandt,City Comptroller,Production
797174,Sofia,Parker,Clinical Psychiatrist,Production
963670,Essie,Knight,City Comptroller,Production
257341,John,Madden,Auditing Clerk,Purchasing
388000,Maynard,Molina,Assistant Director,Purchasing
589718,Isabelle,Banks,Assistant Director,Purchasing
963670,Essie,Knight,City Comptroller,Production
257341,John,Madden,Auditing Clerk,Purchasing
388000,Maynard,Molina,Assistant Director,Purchasing
589718,Isabelle,Banks,Assistant Director,Purchasing
703317,Blake,Sweeney,Auditing Clerk,Purchasing
250274,Cornelius,Spencer,Social Service Director,Research and Development
370388,Donnie,Garner,Family Preservation Worker,Research and Development
587159,Shad,West,Family Preservation Worker,Research and Development
614794,Edgar,Fischer,Clinical Psychiatrist,Research and Development
627046,Rosemarie,Moss,Social Service Director,Research and Development
633919,Jamey,Lee,Hybrid Car Mechanic,Research and Development
663746,Brittany,Hull,Nutritionist,Research and Development
724926,Florentino,Valdez,Social Service Director,Research and Development
739794,Tanisha,Patterson,Hybrid Car Mechanic,Research and Development
742233,Greg,Wilkins,Clinical Psychiatrist,Research and Development
782207,Lucy,Crawford,Hybrid Car Mechanic,Research and Development
796580,Carey,Wiggins,Hybrid Car Mechanic,Research and Development
843735,Esperanza,Ashley,Nutritionist,Research and Development
863404,Granville,Snyder,Nutritionist,Research and Development
948220,Martina,Gardner,Family Preservation Worker,Research and Development
956722,Scottie,Johnson,Clinical Psychiatrist,Research and Development
